"URL","Issue","Value"
"https://stockbridgedaycare.com/?taxonomy=location_region&term=service-areas-northmetro","Links do not have descriptive text","1 link found"
"https://stockbridgedaycare.com/2025/12/03/8-pediatric-respiratory-distress-signs-every-parent-should-know/","Heading elements are not in a sequentially-descending order",""
"https://stockbridgedaycare.com/2025/12/04/essential-technology-tools-for-early-childhood-learning-benefits-applications-and-parent-guidance/","Links do not have descriptive text","1 link found"
"https://stockbridgedaycare.com/careers/","Document does not have a meta description",""
"https://stockbridgedaycare.com/curriculum/","Document does not have a meta description",""
"https://stockbridgedaycare.com/employers/","Document does not have a meta description",""
"https://stockbridgedaycare.com/locations/cherokee-campus/","Links do not have descriptive text","6 links found"
"https://stockbridgedaycare.com/locations/east-cobb-campus/","Links do not have descriptive text","6 links found"
"https://stockbridgedaycare.com/locations/ellenwood-campus/","Links do not have descriptive text","6 links found"
"https://stockbridgedaycare.com/locations/johns-creek/","Links do not have descriptive text","6 links found"
"https://stockbridgedaycare.com/locations/jonesboro-campus/","Links do not have descriptive text","6 links found"
"https://stockbridgedaycare.com/locations/lawrenceville-campus/","Links do not have descriptive text","6 links found"
"https://stockbridgedaycare.com/locations/lilburn-campus/","Links do not have descriptive text","6 links found"
"https://stockbridgedaycare.com/locations/mcdonough/","Links do not have descriptive text","6 links found"
"https://stockbridgedaycare.com/locations/midway-campus/","Links do not have descriptive text","6 links found"
"https://stockbridgedaycare.com/locations/newnan/","Links do not have descriptive text","6 links found"
"https://stockbridgedaycare.com/locations/north-hall-campus-murraysville/","Links do not have descriptive text","6 links found"
"https://stockbridgedaycare.com/locations/pleasanthill-campus-duluth/","Links do not have descriptive text","6 links found"
"https://stockbridgedaycare.com/locations/rivergreen-campus/","Links do not have descriptive text","6 links found"
"https://stockbridgedaycare.com/locations/roswell-campus/","Links do not have descriptive text","6 links found"
"https://stockbridgedaycare.com/locations/satellite-bvd-campus/","Links do not have descriptive text","6 links found"
"https://stockbridgedaycare.com/locations/south-cobb-campus-austell/","Links do not have descriptive text","6 links found"
"https://stockbridgedaycare.com/locations/tramore-campus-austell/","Links do not have descriptive text","6 links found"
"https://stockbridgedaycare.com/locations/tyrone-campus/","Links do not have descriptive text","6 links found"
"https://stockbridgedaycare.com/locations/west-cobb-campus/","Links do not have descriptive text","6 links found"
"https://stockbridgedaycare.com/parents/","Document does not have a meta description",""
"https://stockbridgedaycare.com/privacy-policy/","Document does not have a meta description",""
"https://stockbridgedaycare.com/programs/camp-summer-winter-fall/","Heading elements are not in a sequentially-descending order",""
"https://stockbridgedaycare.com/programs/infant-care/","Heading elements are not in a sequentially-descending order",""
"https://stockbridgedaycare.com/programs/pre-k-prep/","Heading elements are not in a sequentially-descending order",""
"https://stockbridgedaycare.com/stories/","Document does not have a meta description",""
