,URL,Pagerank,Health Score,Canonical 
0,https://chromaela.com/privacy-policy/,98,888,https://chromaela.com/privacy-policy
1,https://chromaela.com/careers/,74,858,https://chromaela.com/careers
2,https://chromaela.com/about/,68,852,https://chromaela.com/about
3,https://chromaela.com/locations/mcdonough/,57,870,https://chromaela.com/locations/mcdonough
4,https://chromaela.com/stories/,53,863,https://chromaela.com/stories
5,https://chromaela.com/ga-pre-k-in-fayetteville-ga/,0,847,https://chromaela.com/programs/ga-pre-k/
6,https://chromaela.com/preschool-in-palmetto-ga/,0,832,https://chromaela.com/programs/preschool/
7,https://chromaela.com/parents-day-out-in-clermont-ga/,0,847,https://chromaela.com/programs/parents-day-out/
8,https://chromaela.com/preschool-in-east-cobb-ga/,0,847,https://chromaela.com/programs/preschool/
9,https://chromaela.com/pre-k-prep-in-milton-ga/,0,825,https://chromaela.com/programs/pre-k-prep/
10,https://chromaela.com/infant-care-in-newnan-ga/,0,847,https://chromaela.com/programs/infant-care/
11,https://chromaela.com/preschool-in-cumming-ga/,0,832,https://chromaela.com/programs/preschool/
12,https://chromaela.com/toddler-care-in-clermont-ga/,0,847,https://chromaela.com/programs/toddler-care/
13,https://chromaela.com/pre-k-prep-in-marietta-ga/,0,825,https://chromaela.com/programs/pre-k-prep/
14,https://chromaela.com/preschool-in-clermont-ga/,0,847,https://chromaela.com/programs/preschool/
15,https://chromaela.com/pre-k-prep-in-lithia-springs-ga/,0,839,https://chromaela.com/programs/pre-k-prep/
16,https://chromaela.com/after-school-in-dahlonega-ga/,0,847,https://chromaela.com/programs/after-school/
17,https://chromaela.com/ga-pre-k-in-johns-creek-ga/,0,839,https://chromaela.com/programs/ga-pre-k/
18,https://chromaela.com/after-school-in-roswell-ga/,0,839,https://chromaela.com/programs/after-school/
19,https://chromaela.com/infant-care-in-duluth-ga/,0,847,https://chromaela.com/programs/infant-care/
20,https://chromaela.com/infant-care-in-griffin-ga/,0,847,https://chromaela.com/programs/infant-care/
21,https://chromaela.com/preschool-in-milton-ga/,0,832,https://chromaela.com/programs/preschool/
22,https://chromaela.com/pre-k-prep-in-jasper-ga/,0,847,https://chromaela.com/programs/pre-k-prep/
23,https://chromaela.com/ga-pre-k-in-ballground-ga/,0,832,https://chromaela.com/programs/ga-pre-k/
24,https://chromaela.com/infant-care-in-tyrone-ga/,0,847,https://chromaela.com/programs/infant-care/
25,https://chromaela.com/preschool-in-ballground-ga/,0,832,https://chromaela.com/programs/preschool/
26,https://chromaela.com/toddler-care-in-alpharetta-ga/,0,832,https://chromaela.com/programs/toddler-care/
27,https://chromaela.com/toddler-care-in-north-hall-ga/,0,847,https://chromaela.com/programs/toddler-care/
28,https://chromaela.com/preschool-in-duluth-ga/,0,847,https://chromaela.com/programs/preschool/
29,https://chromaela.com/preschool-in-waleska-ga/,0,847,https://chromaela.com/programs/preschool/
30,https://chromaela.com/toddler-care-in-morrow-ga/,0,847,https://chromaela.com/programs/toddler-care/
31,https://chromaela.com/parents-day-out-in-peachtree-city-ga/,0,847,https://chromaela.com/programs/parents-day-out/
32,https://chromaela.com/after-school-in-gainesville-ga/,0,847,https://chromaela.com/programs/after-school/
33,https://chromaela.com/ga-pre-k-in-decatur-ga/,0,847,https://chromaela.com/programs/ga-pre-k/
34,https://chromaela.com/preschool-in-powder-springs-ga/,0,832,https://chromaela.com/programs/preschool/
35,https://chromaela.com/pre-k-prep-in-griffin-ga/,0,847,https://chromaela.com/programs/pre-k-prep/
36,https://chromaela.com/preschool-in-jonesboro-ga/,0,832,https://chromaela.com/programs/preschool/
37,https://chromaela.com/toddler-care-in-murrayville-ga/,0,847,https://chromaela.com/programs/toddler-care/
38,https://chromaela.com/preschool-in-newnan-ga/,0,847,https://chromaela.com/programs/preschool/
39,https://chromaela.com/infant-care-in-gainesville-ga/,0,839,https://chromaela.com/programs/infant-care/
40,https://chromaela.com/parents-day-out-in-cumming-ga/,0,818,https://chromaela.com/programs/parents-day-out/
41,https://chromaela.com/toddler-care-in-snellville-ga/,0,839,https://chromaela.com/programs/toddler-care/
42,https://chromaela.com/parents-day-out-in-fayetteville-ga/,0,832,https://chromaela.com/programs/parents-day-out/
43,https://chromaela.com/ga-pre-k-in-cumming-ga/,0,818,https://chromaela.com/programs/ga-pre-k/
44,https://chromaela.com/parents-day-out-in-lithia-springs-ga/,0,832,https://chromaela.com/programs/parents-day-out/
45,https://chromaela.com/parents-day-out-in-norcross-ga/,0,832,https://chromaela.com/programs/parents-day-out/
46,https://chromaela.com/infant-care-in-lovejoy-ga/,0,825,https://chromaela.com/programs/infant-care/
47,https://chromaela.com/parents-day-out-in-lawrenceville-ga/,0,832,https://chromaela.com/programs/parents-day-out/
48,https://chromaela.com/after-school-in-rex-ga/,0,832,https://chromaela.com/programs/after-school/
49,https://chromaela.com/after-school-in-newnan-ga/,0,839,https://chromaela.com/programs/after-school/
50,https://chromaela.com/toddler-care-in-cumming-ga/,0,825,https://chromaela.com/programs/toddler-care/
51,https://chromaela.com/pre-k-prep-in-ballground-ga/,0,825,https://chromaela.com/programs/pre-k-prep/
52,https://chromaela.com/toddler-care-in-decatur-ga/,0,839,https://chromaela.com/programs/toddler-care/
53,https://chromaela.com/toddler-care-in-marietta-ga/,0,825,https://chromaela.com/programs/toddler-care/
54,https://chromaela.com/after-school-in-lithia-springs-ga/,0,839,https://chromaela.com/programs/after-school/
55,https://chromaela.com/ga-pre-k-in-snellville-ga/,0,839,https://chromaela.com/programs/ga-pre-k/
56,https://chromaela.com/after-school-in-stone-mountain-ga/,0,839,https://chromaela.com/programs/after-school/
57,https://chromaela.com/after-school-in-waleska-ga/,0,839,https://chromaela.com/programs/after-school/
58,https://chromaela.com/ga-pre-k-in-clermont-ga/,0,839,https://chromaela.com/programs/ga-pre-k/
59,https://chromaela.com/camp-summer-winter-fall-in-rex-ga/,0,868,https://chromaela.com/programs/camp-summer-winter-fall/
60,https://chromaela.com/toddler-care-in-ballground-ga/,0,843,https://chromaela.com/programs/toddler-care/
61,https://chromaela.com/toddler-care-in-gainesville-ga/,0,847,https://chromaela.com/programs/toddler-care/
62,https://chromaela.com/preschool-in-decatur-ga/,0,847,https://chromaela.com/programs/preschool/
63,https://chromaela.com/parents-day-out-in-powder-springs-ga/,0,843,https://chromaela.com/programs/parents-day-out/
64,https://chromaela.com/parents-day-out-in-rex-ga/,0,847,https://chromaela.com/programs/parents-day-out/
65,https://chromaela.com/after-school-in-decatur-ga/,0,847,https://chromaela.com/programs/after-school/
66,https://chromaela.com/toddler-care-in-palmetto-ga/,0,843,https://chromaela.com/programs/toddler-care/
67,https://chromaela.com/after-school-in-norcross-ga/,0,847,https://chromaela.com/programs/after-school/
68,https://chromaela.com/ga-pre-k-in-gainesville-ga/,0,847,https://chromaela.com/programs/ga-pre-k/
69,https://chromaela.com/pre-k-prep-in-lilburn-ga/,0,847,https://chromaela.com/programs/pre-k-prep/
70,https://chromaela.com/camp-summer-winter-fall-in-dahlonega-ga/,0,868,https://chromaela.com/programs/camp-summer-winter-fall/
71,https://chromaela.com/parents-day-out-in-hampton-ga/,0,847,https://chromaela.com/programs/parents-day-out/
72,https://chromaela.com/preschool-in-stone-mountain-ga/,0,847,https://chromaela.com/programs/preschool/
73,https://chromaela.com/infant-care-in-stone-mountain-ga/,0,847,https://chromaela.com/programs/infant-care/
74,https://chromaela.com/infant-care-in-clermont-ga/,0,847,https://chromaela.com/programs/infant-care/
75,https://chromaela.com/preschool-in-lithia-springs-ga/,0,847,https://chromaela.com/programs/preschool/
76,https://chromaela.com/toddler-care-in-milton-ga/,0,832,https://chromaela.com/programs/toddler-care/
77,https://chromaela.com/ga-pre-k-in-hampton-ga/,0,847,https://chromaela.com/programs/ga-pre-k/
78,https://chromaela.com/infant-care-in-east-cobb-ga/,0,847,https://chromaela.com/programs/infant-care/
79,https://chromaela.com/toddler-care-in-duluth-ga/,0,847,https://chromaela.com/programs/toddler-care/
80,https://chromaela.com/camp-summer-winter-fall-in-lithia-springs-ga/,0,868,https://chromaela.com/programs/camp-summer-winter-fall/
81,https://chromaela.com/infant-care-in-north-hall-ga/,0,847,https://chromaela.com/programs/infant-care/
82,https://chromaela.com/preschool-in-murrayville-ga/,0,847,https://chromaela.com/programs/preschool/
83,https://chromaela.com/ga-pre-k-in-tucker-ga/,0,839,https://chromaela.com/programs/ga-pre-k/
84,https://chromaela.com/parents-day-out-in-newnan-ga/,0,839,https://chromaela.com/programs/parents-day-out/
85,https://chromaela.com/after-school-in-alpharetta-ga/,0,832,https://chromaela.com/programs/after-school/
86,https://chromaela.com/after-school-in-kennesaw-ga/,0,825,https://chromaela.com/programs/after-school/
87,https://chromaela.com/toddler-care-in-canton-ga/,0,832,https://chromaela.com/programs/toddler-care/
88,https://chromaela.com/preschool-in-lawrenceville-ga/,0,847,https://chromaela.com/programs/preschool/
89,https://chromaela.com/toddler-care-in-locust-grove-ga/,0,839,https://chromaela.com/programs/toddler-care/
90,https://chromaela.com/after-school-in-ballground-ga/,0,818,https://chromaela.com/programs/after-school/
91,https://chromaela.com/after-school-in-lawrenceville-ga/,0,832,https://chromaela.com/programs/after-school/
92,https://chromaela.com/parents-day-out-in-jonesboro-ga/,0,818,https://chromaela.com/programs/parents-day-out/
93,https://chromaela.com/camp-summer-winter-fall-in-stockbridge-ga/,0,861,https://chromaela.com/programs/camp-summer-winter-fall/
94,https://chromaela.com/ga-pre-k-in-jonesboro-ga/,0,818,https://chromaela.com/programs/ga-pre-k/
95,https://chromaela.com/infant-care-in-mcdonough-ga/,0,839,https://chromaela.com/programs/infant-care/
96,https://chromaela.com/toddler-care-in-mcdonough-ga/,0,839,https://chromaela.com/programs/toddler-care/
97,https://chromaela.com/preschool-in-johns-creek-ga/,0,832,https://chromaela.com/programs/preschool/
98,https://chromaela.com/ga-pre-k-in-east-cobb-ga/,0,832,https://chromaela.com/programs/ga-pre-k/
99,https://chromaela.com/toddler-care-in-jasper-ga/,0,839,https://chromaela.com/programs/toddler-care/
100,https://chromaela.com/ga-pre-k-in-woodstock-ga/,0,818,https://chromaela.com/programs/ga-pre-k/
101,https://chromaela.com/camp-summer-winter-fall-in-mcdonough-ga/,0,861,https://chromaela.com/programs/camp-summer-winter-fall/
102,https://chromaela.com/camp-summer-winter-fall-in-mableton-ga/,0,847,https://chromaela.com/programs/camp-summer-winter-fall/
103,https://chromaela.com/camp-summer-winter-fall-in-ballground-ga/,0,847,https://chromaela.com/programs/camp-summer-winter-fall/
104,https://chromaela.com/infant-care-in-tucker-ga/,0,839,https://chromaela.com/programs/infant-care/
105,https://chromaela.com/after-school-in-duluth-ga/,0,832,https://chromaela.com/programs/after-school/
106,https://chromaela.com/preschool-in-lilburn-ga/,0,832,https://chromaela.com/programs/preschool/
107,https://chromaela.com/after-school-in-stockbridge-ga/,0,832,https://chromaela.com/programs/after-school/
108,https://chromaela.com/toddler-care-in-lilburn-ga/,0,839,https://chromaela.com/programs/toddler-care/
109,https://chromaela.com/camp-summer-winter-fall-in-peachtree-city-ga/,0,868,https://chromaela.com/programs/camp-summer-winter-fall/
110,https://chromaela.com/toddler-care-in-stockbridge-ga/,0,847,https://chromaela.com/programs/toddler-care/
111,https://chromaela.com/camp-summer-winter-fall-in-newnan-ga/,0,868,https://chromaela.com/programs/camp-summer-winter-fall/
112,https://chromaela.com/parents-day-out-in-dawsonville-ga/,0,847,https://chromaela.com/programs/parents-day-out/
113,https://chromaela.com/camp-summer-winter-fall-in-alpharetta-ga/,0,865,https://chromaela.com/programs/camp-summer-winter-fall/
114,https://chromaela.com/parents-day-out-in-stockbridge-ga/,0,847,https://chromaela.com/programs/parents-day-out/
115,https://chromaela.com/camp-summer-winter-fall-in-west-cobb-ga/,0,865,https://chromaela.com/programs/camp-summer-winter-fall/
116,https://chromaela.com/ga-pre-k-in-north-hall-ga/,0,847,https://chromaela.com/programs/ga-pre-k/
117,https://chromaela.com/infant-care-in-lilburn-ga/,0,847,https://chromaela.com/programs/infant-care/
118,https://chromaela.com/infant-care-in-johns-creek-ga/,0,847,https://chromaela.com/programs/infant-care/
119,https://chromaela.com/pre-k-prep-in-stockbridge-ga/,0,847,https://chromaela.com/programs/pre-k-prep/
120,https://chromaela.com/preschool-in-north-hall-ga/,0,847,https://chromaela.com/programs/preschool/
121,https://chromaela.com/pre-k-prep-in-dahlonega-ga/,0,847,https://chromaela.com/programs/pre-k-prep/
122,https://chromaela.com/toddler-care-in-lawrenceville-ga/,0,847,https://chromaela.com/programs/toddler-care/
123,https://chromaela.com/after-school-in-lovejoy-ga/,0,832,https://chromaela.com/programs/after-school/
124,https://chromaela.com/parents-day-out-in-austell-ga/,0,832,https://chromaela.com/programs/parents-day-out/
125,https://chromaela.com/camp-summer-winter-fall-in-ellenwood-ga/,0,868,https://chromaela.com/programs/camp-summer-winter-fall/
126,https://chromaela.com/toddler-care-in-tyrone-ga/,0,847,https://chromaela.com/programs/toddler-care/
127,https://chromaela.com/pre-k-prep-in-stone-mountain-ga/,0,847,https://chromaela.com/programs/pre-k-prep/
128,https://chromaela.com/toddler-care-in-austell-ga/,0,832,https://chromaela.com/programs/toddler-care/
129,https://chromaela.com/toddler-care-in-woodstock-ga/,0,832,https://chromaela.com/programs/toddler-care/
130,https://chromaela.com/after-school-in-austell-ga/,0,832,https://chromaela.com/programs/after-school/
131,https://chromaela.com/infant-care-in-fayetteville-ga/,0,847,https://chromaela.com/programs/infant-care/
132,https://chromaela.com/after-school-in-peachtree-city-ga/,0,847,https://chromaela.com/programs/after-school/
133,https://chromaela.com/pre-k-prep-in-alpharetta-ga/,0,832,https://chromaela.com/programs/pre-k-prep/
134,https://chromaela.com/parents-day-out-in-waleska-ga/,0,847,https://chromaela.com/programs/parents-day-out/
135,https://chromaela.com/infant-care-in-lithia-springs-ga/,0,847,https://chromaela.com/programs/infant-care/
136,https://chromaela.com/pre-k-prep-in-fayetteville-ga/,0,847,https://chromaela.com/programs/pre-k-prep/
137,https://chromaela.com/parents-day-out-in-morrow-ga/,0,847,https://chromaela.com/programs/parents-day-out/
138,https://chromaela.com/ga-pre-k-in-mcdonough-ga/,0,847,https://chromaela.com/programs/ga-pre-k/
139,https://chromaela.com/toddler-care-in-jonesboro-ga/,0,832,https://chromaela.com/programs/toddler-care/
140,https://chromaela.com/infant-care-in-stockbridge-ga/,0,847,https://chromaela.com/programs/infant-care/
141,https://chromaela.com/after-school-in-canton-ga/,0,832,https://chromaela.com/programs/after-school/
142,https://chromaela.com/infant-care-in-rex-ga/,0,847,https://chromaela.com/programs/infant-care/
143,https://chromaela.com/pre-k-prep-in-rex-ga/,0,847,https://chromaela.com/programs/pre-k-prep/
144,https://chromaela.com/pre-k-prep-in-dawsonville-ga/,0,847,https://chromaela.com/programs/pre-k-prep/
145,https://chromaela.com/preschool-in-griffin-ga/,0,847,https://chromaela.com/programs/preschool/
146,https://chromaela.com/ga-pre-k-in-dawsonville-ga/,0,847,https://chromaela.com/programs/ga-pre-k/
147,https://chromaela.com/camp-summer-winter-fall-in-duluth-ga/,0,868,https://chromaela.com/programs/camp-summer-winter-fall/
148,https://chromaela.com/infant-care-in-kennesaw-ga/,0,825,https://chromaela.com/programs/infant-care/
149,https://chromaela.com/after-school-in-lilburn-ga/,0,847,https://chromaela.com/programs/after-school/
150,https://chromaela.com/after-school-in-jasper-ga/,0,847,https://chromaela.com/programs/after-school/
151,https://chromaela.com/toddler-care-in-ellenwood-ga/,0,847,https://chromaela.com/programs/toddler-care/
152,https://chromaela.com/infant-care-in-marietta-ga/,0,832,https://chromaela.com/programs/infant-care/
153,https://chromaela.com/preschool-in-roswell-ga/,0,847,https://chromaela.com/programs/preschool/
154,https://chromaela.com/preschool-in-rex-ga/,0,847,https://chromaela.com/programs/preschool/
155,https://chromaela.com/ga-pre-k-in-peachtree-corners-ga/,0,847,https://chromaela.com/programs/ga-pre-k/
156,https://chromaela.com/pre-k-prep-in-powder-springs-ga/,0,832,https://chromaela.com/programs/pre-k-prep/
157,https://chromaela.com/after-school-in-cumming-ga/,0,832,https://chromaela.com/programs/after-school/
158,https://chromaela.com/infant-care-in-waleska-ga/,0,847,https://chromaela.com/programs/infant-care/
159,https://chromaela.com/toddler-care-in-dawsonville-ga/,0,847,https://chromaela.com/programs/toddler-care/
160,https://chromaela.com/ga-pre-k-in-jasper-ga/,0,847,https://chromaela.com/programs/ga-pre-k/
161,https://chromaela.com/preschool-in-marietta-ga/,0,825,https://chromaela.com/programs/preschool/
162,https://chromaela.com/preschool-in-west-cobb-ga/,0,825,https://chromaela.com/programs/preschool/
163,https://chromaela.com/pre-k-prep-in-decatur-ga/,0,847,https://chromaela.com/programs/pre-k-prep/
164,https://chromaela.com/infant-care-in-jonesboro-ga/,0,825,https://chromaela.com/programs/infant-care/
165,https://chromaela.com/preschool-in-lovejoy-ga/,0,825,https://chromaela.com/programs/preschool/
166,https://chromaela.com/ga-pre-k-in-stockbridge-ga/,0,847,https://chromaela.com/programs/ga-pre-k/
167,https://chromaela.com/camp-summer-winter-fall-in-kennesaw-ga/,0,847,https://chromaela.com/programs/camp-summer-winter-fall/
168,https://chromaela.com/after-school-in-woodstock-ga/,0,825,https://chromaela.com/programs/after-school/
169,https://chromaela.com/after-school-in-west-cobb-ga/,0,832,https://chromaela.com/programs/after-school/
170,https://chromaela.com/ga-pre-k-in-ellenwood-ga/,0,847,https://chromaela.com/programs/ga-pre-k/
171,https://chromaela.com/after-school-in-jonesboro-ga/,0,832,https://chromaela.com/programs/after-school/
172,https://chromaela.com/preschool-in-gainesville-ga/,0,847,https://chromaela.com/programs/preschool/
173,https://chromaela.com/pre-k-prep-in-gainesville-ga/,0,847,https://chromaela.com/programs/pre-k-prep/
174,https://chromaela.com/preschool-in-canton-ga/,0,832,https://chromaela.com/programs/preschool/
175,https://chromaela.com/ga-pre-k-in-tyrone-ga/,0,847,https://chromaela.com/programs/ga-pre-k/
176,https://chromaela.com/preschool-in-hampton-ga/,0,847,https://chromaela.com/programs/preschool/
177,https://chromaela.com/ga-pre-k-in-lilburn-ga/,0,847,https://chromaela.com/programs/ga-pre-k/
178,https://chromaela.com/toddler-care-in-hampton-ga/,0,847,https://chromaela.com/programs/toddler-care/
179,https://chromaela.com/toddler-care-in-lovejoy-ga/,0,843,https://chromaela.com/programs/toddler-care/
180,https://chromaela.com/preschool-in-kennesaw-ga/,0,843,https://chromaela.com/programs/preschool/
181,https://chromaela.com/after-school-in-tyrone-ga/,0,847,https://chromaela.com/programs/after-school/
182,https://chromaela.com/parents-day-out-in-lilburn-ga/,0,847,https://chromaela.com/programs/parents-day-out/
183,https://chromaela.com/camp-summer-winter-fall-in-tucker-ga/,0,868,https://chromaela.com/programs/camp-summer-winter-fall/
184,https://chromaela.com/camp-summer-winter-fall-in-north-hall-ga/,0,868,https://chromaela.com/programs/camp-summer-winter-fall/
185,https://chromaela.com/camp-summer-winter-fall-in-east-cobb-ga/,0,868,https://chromaela.com/programs/camp-summer-winter-fall/
186,https://chromaela.com/preschool-in-ellenwood-ga/,0,847,https://chromaela.com/programs/preschool/
187,https://chromaela.com/infant-care-in-milton-ga/,0,843,https://chromaela.com/programs/infant-care/
188,https://chromaela.com/toddler-care-in-east-cobb-ga/,0,847,https://chromaela.com/programs/toddler-care/
189,https://chromaela.com/preschool-in-snellville-ga/,0,847,https://chromaela.com/programs/preschool/
190,https://chromaela.com/after-school-in-tucker-ga/,0,847,https://chromaela.com/programs/after-school/
191,https://chromaela.com/camp-summer-winter-fall-in-palmetto-ga/,0,854,https://chromaela.com/programs/camp-summer-winter-fall/
192,https://chromaela.com/after-school-in-peachtree-corners-ga/,0,847,https://chromaela.com/programs/after-school/
193,https://chromaela.com/pre-k-prep-in-tyrone-ga/,0,847,https://chromaela.com/programs/pre-k-prep/
194,https://chromaela.com/infant-care-in-locust-grove-ga/,0,847,https://chromaela.com/programs/infant-care/
195,https://chromaela.com/parents-day-out-in-duluth-ga/,0,847,https://chromaela.com/programs/parents-day-out/
196,https://chromaela.com/preschool-in-jasper-ga/,0,847,https://chromaela.com/programs/preschool/
197,https://chromaela.com/ga-pre-k-in-mableton-ga/,0,832,https://chromaela.com/programs/ga-pre-k/
198,https://chromaela.com/preschool-in-mcdonough-ga/,0,847,https://chromaela.com/programs/preschool/
199,https://chromaela.com/parents-day-out-in-locust-grove-ga/,0,832,https://chromaela.com/programs/parents-day-out/
200,https://chromaela.com/toddler-care-in-powder-springs-ga/,0,825,https://chromaela.com/programs/toddler-care/
201,https://chromaela.com/camp-summer-winter-fall-in-morrow-ga/,0,861,https://chromaela.com/programs/camp-summer-winter-fall/
202,https://chromaela.com/after-school-in-locust-grove-ga/,0,832,https://chromaela.com/programs/after-school/
203,https://chromaela.com/pre-k-prep-in-newnan-ga/,0,832,https://chromaela.com/programs/pre-k-prep/
204,https://chromaela.com/camp-summer-winter-fall-in-woodstock-ga/,0,839,https://chromaela.com/programs/camp-summer-winter-fall/
205,https://chromaela.com/camp-summer-winter-fall-in-decatur-ga/,0,861,https://chromaela.com/programs/camp-summer-winter-fall/
206,https://chromaela.com/camp-summer-winter-fall-in-milton-ga/,0,847,https://chromaela.com/programs/camp-summer-winter-fall/
207,https://chromaela.com/infant-care-in-canton-ga/,0,825,https://chromaela.com/programs/infant-care/
208,https://chromaela.com/toddler-care-in-peachtree-corners-ga/,0,839,https://chromaela.com/programs/toddler-care/
209,https://chromaela.com/pre-k-prep-in-waleska-ga/,0,847,https://chromaela.com/programs/pre-k-prep/
210,https://chromaela.com/infant-care-in-cumming-ga/,0,832,https://chromaela.com/programs/infant-care/
211,https://chromaela.com/parents-day-out-in-kennesaw-ga/,0,832,https://chromaela.com/programs/parents-day-out/
212,https://chromaela.com/camp-summer-winter-fall-in-austell-ga/,0,854,https://chromaela.com/programs/camp-summer-winter-fall/
213,https://chromaela.com/camp-summer-winter-fall-in-fayetteville-ga/,0,868,https://chromaela.com/programs/camp-summer-winter-fall/
214,https://chromaela.com/after-school-in-north-hall-ga/,0,847,https://chromaela.com/programs/after-school/
215,https://chromaela.com/camp-summer-winter-fall-in-dawsonville-ga/,0,868,https://chromaela.com/programs/camp-summer-winter-fall/
216,https://chromaela.com/after-school-in-powder-springs-ga/,0,832,https://chromaela.com/programs/after-school/
217,https://chromaela.com/parents-day-out-in-peachtree-corners-ga/,0,847,https://chromaela.com/programs/parents-day-out/
218,https://chromaela.com/camp-summer-winter-fall-in-roswell-ga/,0,868,https://chromaela.com/programs/camp-summer-winter-fall/
219,https://chromaela.com/ga-pre-k-in-griffin-ga/,0,847,https://chromaela.com/programs/ga-pre-k/
220,https://chromaela.com/toddler-care-in-fayetteville-ga/,0,847,https://chromaela.com/programs/toddler-care/
221,https://chromaela.com/infant-care-in-austell-ga/,0,825,https://chromaela.com/programs/infant-care/
222,https://chromaela.com/camp-summer-winter-fall-in-marietta-ga/,0,847,https://chromaela.com/programs/camp-summer-winter-fall/
223,https://chromaela.com/ga-pre-k-in-lovejoy-ga/,0,832,https://chromaela.com/programs/ga-pre-k/
224,https://chromaela.com/camp-summer-winter-fall-in-peachtree-corners-ga/,0,868,https://chromaela.com/programs/camp-summer-winter-fall/
225,https://chromaela.com/ga-pre-k-in-palmetto-ga/,0,832,https://chromaela.com/programs/ga-pre-k/
226,https://chromaela.com/ga-pre-k-in-newnan-ga/,0,847,https://chromaela.com/programs/ga-pre-k/
227,https://chromaela.com/parents-day-out-in-murrayville-ga/,0,847,https://chromaela.com/programs/parents-day-out/
228,https://chromaela.com/after-school-in-fayetteville-ga/,0,847,https://chromaela.com/programs/after-school/
229,https://chromaela.com/pre-k-prep-in-fairburn-ga/,0,832,https://chromaela.com/programs/pre-k-prep/
230,https://chromaela.com/camp-summer-winter-fall-in-griffin-ga/,0,861,https://chromaela.com/programs/camp-summer-winter-fall/
231,https://chromaela.com/ga-pre-k-in-locust-grove-ga/,0,832,https://chromaela.com/programs/ga-pre-k/
232,https://chromaela.com/after-school-in-east-cobb-ga/,0,832,https://chromaela.com/programs/after-school/
233,https://chromaela.com/toddler-care-in-kennesaw-ga/,0,818,https://chromaela.com/programs/toddler-care/
234,https://chromaela.com/after-school-in-clermont-ga/,0,832,https://chromaela.com/programs/after-school/
235,https://chromaela.com/camp-summer-winter-fall-in-powder-springs-ga/,0,847,https://chromaela.com/programs/camp-summer-winter-fall/
236,https://chromaela.com/preschool-in-fayetteville-ga/,0,832,https://chromaela.com/programs/preschool/
237,https://chromaela.com/toddler-care-in-lithia-springs-ga/,0,839,https://chromaela.com/programs/toddler-care/
238,https://chromaela.com/parents-day-out-in-milton-ga/,0,818,https://chromaela.com/programs/parents-day-out/
239,https://chromaela.com/infant-care-in-ellenwood-ga/,0,847,https://chromaela.com/programs/infant-care/
240,https://chromaela.com/parents-day-out-in-ellenwood-ga/,0,839,https://chromaela.com/programs/parents-day-out/
241,https://chromaela.com/pre-k-prep-in-lawrenceville-ga/,0,839,https://chromaela.com/programs/pre-k-prep/
242,https://chromaela.com/after-school-in-mableton-ga/,0,825,https://chromaela.com/programs/after-school/
243,https://chromaela.com/toddler-care-in-waleska-ga/,0,847,https://chromaela.com/programs/toddler-care/
244,https://chromaela.com/preschool-in-tucker-ga/,0,847,https://chromaela.com/programs/preschool/
245,https://chromaela.com/parents-day-out-in-tucker-ga/,0,839,https://chromaela.com/programs/parents-day-out/
246,https://chromaela.com/toddler-care-in-rex-ga/,0,847,https://chromaela.com/programs/toddler-care/
247,https://chromaela.com/infant-care-in-dahlonega-ga/,0,847,https://chromaela.com/programs/infant-care/
248,https://chromaela.com/infant-care-in-mableton-ga/,0,825,https://chromaela.com/programs/infant-care/
249,https://chromaela.com/pre-k-prep-in-cumming-ga/,0,832,https://chromaela.com/programs/pre-k-prep/
250,https://chromaela.com/preschool-in-morrow-ga/,0,847,https://chromaela.com/programs/preschool/
251,https://chromaela.com/camp-summer-winter-fall-in-clermont-ga/,0,868,https://chromaela.com/programs/camp-summer-winter-fall/
252,https://chromaela.com/ga-pre-k-in-stone-mountain-ga/,0,847,https://chromaela.com/programs/ga-pre-k/
253,https://chromaela.com/pre-k-prep-in-johns-creek-ga/,0,847,https://chromaela.com/programs/pre-k-prep/
254,https://chromaela.com/pre-k-prep-in-west-cobb-ga/,0,832,https://chromaela.com/programs/pre-k-prep/
255,https://chromaela.com/parents-day-out-in-stone-mountain-ga/,0,847,https://chromaela.com/programs/parents-day-out/
256,https://chromaela.com/preschool-in-stockbridge-ga/,0,847,https://chromaela.com/programs/preschool/
257,https://chromaela.com/ga-pre-k-in-rex-ga/,0,847,https://chromaela.com/programs/ga-pre-k/
258,https://chromaela.com/after-school-in-griffin-ga/,0,847,https://chromaela.com/programs/after-school/
259,https://chromaela.com/ga-pre-k-in-fairburn-ga/,0,847,https://chromaela.com/programs/ga-pre-k/
260,https://chromaela.com/after-school-in-marietta-ga/,0,843,https://chromaela.com/programs/after-school/
261,https://chromaela.com/infant-care-in-morrow-ga/,0,847,https://chromaela.com/programs/infant-care/
262,https://chromaela.com/infant-care-in-woodstock-ga/,0,843,https://chromaela.com/programs/infant-care/
263,https://chromaela.com/infant-care-in-fairburn-ga/,0,847,https://chromaela.com/programs/infant-care/
264,https://chromaela.com/preschool-in-peachtree-city-ga/,0,847,https://chromaela.com/programs/preschool/
265,https://chromaela.com/parents-day-out-in-west-cobb-ga/,0,843,https://chromaela.com/programs/parents-day-out/
266,https://chromaela.com/camp-summer-winter-fall-in-jonesboro-ga/,0,865,https://chromaela.com/programs/camp-summer-winter-fall/
267,https://chromaela.com/toddler-care-in-west-cobb-ga/,0,843,https://chromaela.com/programs/toddler-care/
268,https://chromaela.com/infant-care-in-palmetto-ga/,0,843,https://chromaela.com/programs/infant-care/
269,https://chromaela.com/ga-pre-k-in-duluth-ga/,0,832,https://chromaela.com/programs/ga-pre-k/
270,https://chromaela.com/ga-pre-k-in-lithia-springs-ga/,0,832,https://chromaela.com/programs/ga-pre-k/
271,https://chromaela.com/preschool-in-austell-ga/,0,818,https://chromaela.com/programs/preschool/
272,https://chromaela.com/preschool-in-mableton-ga/,0,818,https://chromaela.com/programs/preschool/
273,https://chromaela.com/pre-k-prep-in-mableton-ga/,0,818,https://chromaela.com/programs/pre-k-prep/
274,https://chromaela.com/toddler-care-in-stone-mountain-ga/,0,839,https://chromaela.com/programs/toddler-care/
275,https://chromaela.com/pre-k-prep-in-peachtree-corners-ga/,0,832,https://chromaela.com/programs/pre-k-prep/
276,https://chromaela.com/camp-summer-winter-fall-in-murrayville-ga/,0,861,https://chromaela.com/programs/camp-summer-winter-fall/
277,https://chromaela.com/ga-pre-k-in-murrayville-ga/,0,832,https://chromaela.com/programs/ga-pre-k/
278,https://chromaela.com/ga-pre-k-in-waleska-ga/,0,832,https://chromaela.com/programs/ga-pre-k/
279,https://chromaela.com/parents-day-out-in-roswell-ga/,0,839,https://chromaela.com/programs/parents-day-out/
280,https://chromaela.com/pre-k-prep-in-palmetto-ga/,0,832,https://chromaela.com/programs/pre-k-prep/
281,https://chromaela.com/camp-summer-winter-fall-in-fairburn-ga/,0,868,https://chromaela.com/programs/camp-summer-winter-fall/
282,https://chromaela.com/parents-day-out-in-canton-ga/,0,832,https://chromaela.com/programs/parents-day-out/
283,https://chromaela.com/pre-k-prep-in-peachtree-city-ga/,0,847,https://chromaela.com/programs/pre-k-prep/
284,https://chromaela.com/camp-summer-winter-fall-in-canton-ga/,0,854,https://chromaela.com/programs/camp-summer-winter-fall/
285,https://chromaela.com/toddler-care-in-roswell-ga/,0,839,https://chromaela.com/programs/toddler-care/
286,https://chromaela.com/parents-day-out-in-fairburn-ga/,0,847,https://chromaela.com/programs/parents-day-out/
287,https://chromaela.com/pre-k-prep-in-ellenwood-ga/,0,847,https://chromaela.com/programs/pre-k-prep/
288,https://chromaela.com/ga-pre-k-in-morrow-ga/,0,847,https://chromaela.com/programs/ga-pre-k/
289,https://chromaela.com/pre-k-prep-in-locust-grove-ga/,0,847,https://chromaela.com/programs/pre-k-prep/
290,https://chromaela.com/parents-day-out-in-east-cobb-ga/,0,847,https://chromaela.com/programs/parents-day-out/
291,https://chromaela.com/pre-k-prep-in-jonesboro-ga/,0,832,https://chromaela.com/programs/pre-k-prep/
292,https://chromaela.com/pre-k-prep-in-snellville-ga/,0,847,https://chromaela.com/programs/pre-k-prep/
293,https://chromaela.com/preschool-in-peachtree-corners-ga/,0,847,https://chromaela.com/programs/preschool/
294,https://chromaela.com/infant-care-in-dawsonville-ga/,0,847,https://chromaela.com/programs/infant-care/
295,https://chromaela.com/preschool-in-tyrone-ga/,0,847,https://chromaela.com/programs/preschool/
296,https://chromaela.com/ga-pre-k-in-west-cobb-ga/,0,832,https://chromaela.com/programs/ga-pre-k/
297,https://chromaela.com/preschool-in-woodstock-ga/,0,832,https://chromaela.com/programs/preschool/
298,https://chromaela.com/after-school-in-ellenwood-ga/,0,847,https://chromaela.com/programs/after-school/
299,https://chromaela.com/pre-k-prep-in-norcross-ga/,0,839,https://chromaela.com/programs/pre-k-prep/
300,https://chromaela.com/pre-k-prep-in-murrayville-ga/,0,847,https://chromaela.com/programs/pre-k-prep/
301,https://chromaela.com/toddler-care-in-dahlonega-ga/,0,847,https://chromaela.com/programs/toddler-care/
302,https://chromaela.com/parents-day-out-in-mableton-ga/,0,825,https://chromaela.com/programs/parents-day-out/
303,https://chromaela.com/infant-care-in-hampton-ga/,0,847,https://chromaela.com/programs/infant-care/
304,https://chromaela.com/pre-k-prep-in-canton-ga/,0,832,https://chromaela.com/programs/pre-k-prep/
305,https://chromaela.com/after-school-in-hampton-ga/,0,839,https://chromaela.com/programs/after-school/
306,https://chromaela.com/ga-pre-k-in-powder-springs-ga/,0,825,https://chromaela.com/programs/ga-pre-k/
307,https://chromaela.com/infant-care-in-lawrenceville-ga/,0,847,https://chromaela.com/programs/infant-care/
308,https://chromaela.com/toddler-care-in-fairburn-ga/,0,847,https://chromaela.com/programs/toddler-care/
309,https://chromaela.com/after-school-in-johns-creek-ga/,0,847,https://chromaela.com/programs/after-school/
310,https://chromaela.com/camp-summer-winter-fall-in-johns-creek-ga/,0,868,https://chromaela.com/programs/camp-summer-winter-fall/
311,https://chromaela.com/camp-summer-winter-fall-in-gainesville-ga/,0,868,https://chromaela.com/programs/camp-summer-winter-fall/
312,https://chromaela.com/pre-k-prep-in-duluth-ga/,0,847,https://chromaela.com/programs/pre-k-prep/
313,https://chromaela.com/toddler-care-in-mableton-ga/,0,832,https://chromaela.com/programs/toddler-care/
314,https://chromaela.com/after-school-in-milton-ga/,0,832,https://chromaela.com/programs/after-school/
315,https://chromaela.com/infant-care-in-murrayville-ga/,0,847,https://chromaela.com/programs/infant-care/
316,https://chromaela.com/camp-summer-winter-fall-in-cumming-ga/,0,854,https://chromaela.com/programs/camp-summer-winter-fall/
317,https://chromaela.com/toddler-care-in-norcross-ga/,0,847,https://chromaela.com/programs/toddler-care/
318,https://chromaela.com/preschool-in-dawsonville-ga/,0,847,https://chromaela.com/programs/preschool/
319,https://chromaela.com/parents-day-out-in-decatur-ga/,0,839,https://chromaela.com/programs/parents-day-out/
320,https://chromaela.com/pre-k-prep-in-clermont-ga/,0,839,https://chromaela.com/programs/pre-k-prep/
321,https://chromaela.com/ga-pre-k-in-kennesaw-ga/,0,825,https://chromaela.com/programs/ga-pre-k/
322,https://chromaela.com/toddler-care-in-newnan-ga/,0,839,https://chromaela.com/programs/toddler-care/
323,https://chromaela.com/parents-day-out-in-gainesville-ga/,0,839,https://chromaela.com/programs/parents-day-out/
324,https://chromaela.com/preschool-in-dahlonega-ga/,0,839,https://chromaela.com/programs/preschool/
325,https://chromaela.com/parents-day-out-in-lovejoy-ga/,0,825,https://chromaela.com/programs/parents-day-out/
326,https://chromaela.com/camp-summer-winter-fall-in-lilburn-ga/,0,861,https://chromaela.com/programs/camp-summer-winter-fall/
327,https://chromaela.com/preschool-in-alpharetta-ga/,0,825,https://chromaela.com/programs/preschool/
328,https://chromaela.com/parents-day-out-in-mcdonough-ga/,0,839,https://chromaela.com/programs/parents-day-out/
329,https://chromaela.com/pre-k-prep-in-austell-ga/,0,832,https://chromaela.com/programs/pre-k-prep/
330,https://chromaela.com/ga-pre-k-in-canton-ga/,0,832,https://chromaela.com/programs/ga-pre-k/
331,https://chromaela.com/infant-care-in-norcross-ga/,0,847,https://chromaela.com/programs/infant-care/
332,https://chromaela.com/camp-summer-winter-fall-in-waleska-ga/,0,868,https://chromaela.com/programs/camp-summer-winter-fall/
333,https://chromaela.com/after-school-in-palmetto-ga/,0,832,https://chromaela.com/programs/after-school/
334,https://chromaela.com/camp-summer-winter-fall-in-hampton-ga/,0,868,https://chromaela.com/programs/camp-summer-winter-fall/
335,https://chromaela.com/ga-pre-k-in-dahlonega-ga/,0,847,https://chromaela.com/programs/ga-pre-k/
336,https://chromaela.com/infant-care-in-jasper-ga/,0,847,https://chromaela.com/programs/infant-care/
337,https://chromaela.com/ga-pre-k-in-peachtree-city-ga/,0,847,https://chromaela.com/programs/ga-pre-k/
338,https://chromaela.com/parents-day-out-in-marietta-ga/,0,832,https://chromaela.com/programs/parents-day-out/
339,https://chromaela.com/camp-summer-winter-fall-in-snellville-ga/,0,868,https://chromaela.com/programs/camp-summer-winter-fall/
340,https://chromaela.com/parents-day-out-in-tyrone-ga/,0,847,https://chromaela.com/programs/parents-day-out/
341,https://chromaela.com/preschool-in-fairburn-ga/,0,847,https://chromaela.com/programs/preschool/
342,https://chromaela.com/toddler-care-in-griffin-ga/,0,847,https://chromaela.com/programs/toddler-care/
343,https://chromaela.com/pre-k-prep-in-woodstock-ga/,0,832,https://chromaela.com/programs/pre-k-prep/
344,https://chromaela.com/infant-care-in-west-cobb-ga/,0,832,https://chromaela.com/programs/infant-care/
345,https://chromaela.com/parents-day-out-in-snellville-ga/,0,847,https://chromaela.com/programs/parents-day-out/
346,https://chromaela.com/parents-day-out-in-johns-creek-ga/,0,847,https://chromaela.com/programs/parents-day-out/
347,https://chromaela.com/camp-summer-winter-fall-in-stone-mountain-ga/,0,868,https://chromaela.com/programs/camp-summer-winter-fall/
348,https://chromaela.com/infant-care-in-peachtree-corners-ga/,0,847,https://chromaela.com/programs/infant-care/
349,https://chromaela.com/pre-k-prep-in-tucker-ga/,0,847,https://chromaela.com/programs/pre-k-prep/
350,https://chromaela.com/pre-k-prep-in-north-hall-ga/,0,847,https://chromaela.com/programs/pre-k-prep/
351,https://chromaela.com/pre-k-prep-in-hampton-ga/,0,847,https://chromaela.com/programs/pre-k-prep/
352,https://chromaela.com/preschool-in-locust-grove-ga/,0,847,https://chromaela.com/programs/preschool/
353,https://chromaela.com/infant-care-in-ballground-ga/,0,832,https://chromaela.com/programs/infant-care/
354,https://chromaela.com/camp-summer-winter-fall-in-jasper-ga/,0,868,https://chromaela.com/programs/camp-summer-winter-fall/
355,https://chromaela.com/after-school-in-murrayville-ga/,0,847,https://chromaela.com/programs/after-school/
356,https://chromaela.com/parents-day-out-in-dahlonega-ga/,0,847,https://chromaela.com/programs/parents-day-out/
357,https://chromaela.com/infant-care-in-roswell-ga/,0,847,https://chromaela.com/programs/infant-care/
358,https://chromaela.com/parents-day-out-in-palmetto-ga/,0,832,https://chromaela.com/programs/parents-day-out/
359,https://chromaela.com/pre-k-prep-in-roswell-ga/,0,847,https://chromaela.com/programs/pre-k-prep/
360,https://chromaela.com/camp-summer-winter-fall-in-lawrenceville-ga/,0,868,https://chromaela.com/programs/camp-summer-winter-fall/
361,https://chromaela.com/parents-day-out-in-ballground-ga/,0,843,https://chromaela.com/programs/parents-day-out/
362,https://chromaela.com/preschool-in-norcross-ga/,0,847,https://chromaela.com/programs/preschool/
363,https://chromaela.com/ga-pre-k-in-milton-ga/,0,843,https://chromaela.com/programs/ga-pre-k/
364,https://chromaela.com/pre-k-prep-in-mcdonough-ga/,0,847,https://chromaela.com/programs/pre-k-prep/
365,https://chromaela.com/after-school-in-dawsonville-ga/,0,847,https://chromaela.com/programs/after-school/
366,https://chromaela.com/parents-day-out-in-griffin-ga/,0,847,https://chromaela.com/programs/parents-day-out/
367,https://chromaela.com/ga-pre-k-in-lawrenceville-ga/,0,847,https://chromaela.com/programs/ga-pre-k/
368,https://chromaela.com/parents-day-out-in-jasper-ga/,0,847,https://chromaela.com/programs/parents-day-out/
369,https://chromaela.com/infant-care-in-snellville-ga/,0,839,https://chromaela.com/programs/infant-care/
370,https://chromaela.com/pre-k-prep-in-east-cobb-ga/,0,832,https://chromaela.com/programs/pre-k-prep/
371,https://chromaela.com/infant-care-in-decatur-ga/,0,839,https://chromaela.com/programs/infant-care/
372,https://chromaela.com/camp-summer-winter-fall-in-lovejoy-ga/,0,847,https://chromaela.com/programs/camp-summer-winter-fall/
373,https://chromaela.com/ga-pre-k-in-marietta-ga/,0,818,https://chromaela.com/programs/ga-pre-k/
374,https://chromaela.com/ga-pre-k-in-austell-ga/,0,818,https://chromaela.com/programs/ga-pre-k/
375,https://chromaela.com/pre-k-prep-in-kennesaw-ga/,0,818,https://chromaela.com/programs/pre-k-prep/
376,https://chromaela.com/parents-day-out-in-alpharetta-ga/,0,818,https://chromaela.com/programs/parents-day-out/
377,https://chromaela.com/after-school-in-fairburn-ga/,0,832,https://chromaela.com/programs/after-school/
378,https://chromaela.com/ga-pre-k-in-alpharetta-ga/,0,818,https://chromaela.com/programs/ga-pre-k/
379,https://chromaela.com/parents-day-out-in-north-hall-ga/,0,847,https://chromaela.com/programs/parents-day-out/
380,https://chromaela.com/camp-summer-winter-fall-in-norcross-ga/,0,868,https://chromaela.com/programs/camp-summer-winter-fall/
381,https://chromaela.com/toddler-care-in-johns-creek-ga/,0,847,https://chromaela.com/programs/toddler-care/
382,https://chromaela.com/pre-k-prep-in-morrow-ga/,0,847,https://chromaela.com/programs/pre-k-prep/
383,https://chromaela.com/camp-summer-winter-fall-in-locust-grove-ga/,0,868,https://chromaela.com/programs/camp-summer-winter-fall/
384,https://chromaela.com/toddler-care-in-tucker-ga/,0,847,https://chromaela.com/programs/toddler-care/
385,https://chromaela.com/pre-k-prep-in-lovejoy-ga/,0,832,https://chromaela.com/programs/pre-k-prep/
386,https://chromaela.com/after-school-in-mcdonough-ga/,0,847,https://chromaela.com/programs/after-school/
387,https://chromaela.com/toddler-care-in-peachtree-city-ga/,0,847,https://chromaela.com/programs/toddler-care/
388,https://chromaela.com/ga-pre-k-in-roswell-ga/,0,839,https://chromaela.com/programs/ga-pre-k/
389,https://chromaela.com/infant-care-in-peachtree-city-ga/,0,839,https://chromaela.com/programs/infant-care/
390,https://chromaela.com/parents-day-out-in-woodstock-ga/,0,818,https://chromaela.com/programs/parents-day-out/
391,https://chromaela.com/ga-pre-k-in-norcross-ga/,0,832,https://chromaela.com/programs/ga-pre-k/
392,https://chromaela.com/infant-care-in-alpharetta-ga/,0,825,https://chromaela.com/programs/infant-care/
393,https://chromaela.com/infant-care-in-powder-springs-ga/,0,825,https://chromaela.com/programs/infant-care/
394,https://chromaela.com/after-school-in-snellville-ga/,0,832,https://chromaela.com/programs/after-school/
395,https://chromaela.com/camp-summer-winter-fall-in-tyrone-ga/,0,861,https://chromaela.com/programs/camp-summer-winter-fall/
396,https://chromaela.com/privacy-policy,0,895,https://chromaela.com/privacy-policy
397,https://chromaela.com/after-school-in-morrow-ga/,0,832,https://chromaela.com/programs/after-school/
398,https://chromaela.com/careers,0,873,https://chromaela.com/careers
399,https://chromaela.com/about,0,870,https://chromaela.com/about
400,https://chromaela.com/locations/mcdonough,0,877,https://chromaela.com/locations/mcdonough
401,https://chromaela.com/stories,0,884,https://chromaela.com/stories
