,URL,Pagerank,Health Score,Url,Redirect
0,https://chromaela.com/locations/,97,957,https://chromaela.com/contact,https://chromaela.com/contact-us/
1,https://chromaela.com/programs/,49,962,https://chromaela.com/ga-pre-k/,https://chromaela.com/programs/ga-pre-k/
2,,,,https://chromaela.com/locations,https://chromaela.com/locations/
3,,,,https://chromaela.com/preschool/,https://chromaela.com/programs/preschool/
4,,,,https://chromaela.com/pre-k-prep/,https://chromaela.com/programs/pre-k-prep/
5,,,,https://chromaela.com/infant-care/,https://chromaela.com/programs/infant-care/
6,,,,https://chromaela.com/after-school/,https://chromaela.com/programs/after-school/
7,,,,https://chromaela.com/toddler-care/,https://chromaela.com/programs/toddler-care/
8,,,,https://chromaela.com/parents-day-out/,https://chromaela.com/programs/parents-day-out/
9,,,,https://chromaela.com/camp-summer-winter-fall/,https://chromaela.com/programs/camp-summer-winter-fall/
10,https://chromaela.com/,46,920,https://chromaela.com/about,https://chromaela.com/about/
11,,,,https://chromaela.com/about,https://chromaela.com/about/
12,,,,https://chromaela.com/privacy-policy,https://chromaela.com/privacy-policy/
13,,,,https://chromaela.com/locations/mcdonough,https://chromaela.com/locations/mcdonough/
14,,,,https://chromaela.com/locations/midway-campus,https://chromaela.com/locations/midway-campus/
15,https://chromaela.com/childcare/milton/,2,931,https://chromaela.com/programs/pre-k/,https://chromaela.com/programs/pre-k-prep/
16,https://chromaela.com/childcare/dahlonega/,2,919,https://chromaela.com/programs/pre-k/,https://chromaela.com/programs/pre-k-prep/
17,https://chromaela.com/childcare/lawrenceville/,2,919,https://chromaela.com/programs/pre-k/,https://chromaela.com/programs/pre-k-prep/
18,https://chromaela.com/2025/12/30/secure-the-best-childcare-in-alpharetta-ga-midway-campus/,2,919,https://chromaela.com/author/chromaela/,https://chromaela.com/
19,https://chromaela.com/childcare/mableton/,1,915,https://chromaela.com/programs/pre-k/,https://chromaela.com/programs/pre-k-prep/
20,https://chromaela.com/childcare/newnan/,1,919,https://chromaela.com/programs/pre-k/,https://chromaela.com/programs/pre-k-prep/
21,https://chromaela.com/childcare/johns-creek/,1,919,https://chromaela.com/programs/pre-k/,https://chromaela.com/programs/pre-k-prep/
22,https://chromaela.com/childcare/rex/,1,915,https://chromaela.com/programs/pre-k/,https://chromaela.com/programs/pre-k-prep/
23,https://chromaela.com/childcare/duluth/,1,919,https://chromaela.com/programs/pre-k/,https://chromaela.com/programs/pre-k-prep/
24,https://chromaela.com/childcare/alpharetta/,1,924,https://chromaela.com/programs/pre-k/,https://chromaela.com/programs/pre-k-prep/
25,https://chromaela.com/childcare/austell/,1,915,https://chromaela.com/programs/pre-k/,https://chromaela.com/programs/pre-k-prep/
26,https://chromaela.com/childcare/woodstock/,1,908,https://chromaela.com/programs/pre-k/,https://chromaela.com/programs/pre-k-prep/
27,https://chromaela.com/childcare/mcdonough/,1,919,https://chromaela.com/programs/pre-k/,https://chromaela.com/programs/pre-k-prep/
28,https://chromaela.com/childcare/norcross/,1,919,https://chromaela.com/programs/pre-k/,https://chromaela.com/programs/pre-k-prep/
29,https://chromaela.com/childcare/roswell/,1,912,https://chromaela.com/programs/pre-k/,https://chromaela.com/programs/pre-k-prep/
30,https://chromaela.com/childcare/jonesboro/,1,915,https://chromaela.com/programs/pre-k/,https://chromaela.com/programs/pre-k-prep/
31,https://chromaela.com/childcare/snellville/,1,919,https://chromaela.com/programs/pre-k/,https://chromaela.com/programs/pre-k-prep/
32,https://chromaela.com/childcare/murrayville/,1,919,https://chromaela.com/programs/pre-k/,https://chromaela.com/programs/pre-k-prep/
33,https://chromaela.com/childcare/east-cobb/,1,912,https://chromaela.com/programs/pre-k/,https://chromaela.com/programs/pre-k-prep/
34,https://chromaela.com/childcare/morrow/,1,915,https://chromaela.com/programs/pre-k/,https://chromaela.com/programs/pre-k-prep/
35,https://chromaela.com/childcare/stockbridge/,1,919,https://chromaela.com/programs/pre-k/,https://chromaela.com/programs/pre-k-prep/
36,https://chromaela.com/childcare/west-cobb/,1,915,https://chromaela.com/programs/pre-k/,https://chromaela.com/programs/pre-k-prep/
37,https://chromaela.com/childcare/tucker/,1,919,https://chromaela.com/programs/pre-k/,https://chromaela.com/programs/pre-k-prep/
38,https://chromaela.com/childcare/griffin/,1,919,https://chromaela.com/programs/pre-k/,https://chromaela.com/programs/pre-k-prep/
39,https://chromaela.com/childcare/tyrone/,1,919,https://chromaela.com/programs/pre-k/,https://chromaela.com/programs/pre-k-prep/
40,https://chromaela.com/childcare/jasper/,1,915,https://chromaela.com/programs/pre-k/,https://chromaela.com/programs/pre-k-prep/
41,https://chromaela.com/childcare/kennesaw/,1,908,https://chromaela.com/programs/pre-k/,https://chromaela.com/programs/pre-k-prep/
42,https://chromaela.com/childcare/ballground/,1,915,https://chromaela.com/programs/pre-k/,https://chromaela.com/programs/pre-k-prep/
43,https://chromaela.com/childcare/hampton/,1,915,https://chromaela.com/programs/pre-k/,https://chromaela.com/programs/pre-k-prep/
44,https://chromaela.com/childcare/lovejoy/,1,915,https://chromaela.com/programs/pre-k/,https://chromaela.com/programs/pre-k-prep/
45,https://chromaela.com/2025/12/03/how-preschool-prepares-children-for-kindergarten-success-benefits-skills-and-readiness-strategies/,1,912,https://chromaela.com/author/chromaela/,https://chromaela.com/
46,https://chromaela.com/locations,1,942,https://chromaela.com/contact,https://chromaela.com/contact-us/
47,https://chromaela.com/childcare/marietta/,1,908,https://chromaela.com/programs/pre-k/,https://chromaela.com/programs/pre-k-prep/
48,https://chromaela.com/2025/12/30/childcare-preschool-in-newnan-ga-shenandoah-campus-by-chroma/,1,929,https://chromaela.com/author/chromaela/,https://chromaela.com/
49,https://chromaela.com/2025/12/30/childcare-preschool-on-satellite-boulevard-duluth-ga-chroma/,1,910,https://chromaela.com/author/chromaela/,https://chromaela.com/
50,https://chromaela.com/childcare/canton/,1,908,https://chromaela.com/programs/pre-k/,https://chromaela.com/programs/pre-k-prep/
51,https://chromaela.com/2025/12/30/childcare-preschool-in-jonesboro-ga-chroma-academy/,1,929,https://chromaela.com/author/chromaela/,https://chromaela.com/
52,https://chromaela.com/2025/12/30/childcare-preschool-in-austell-ga-tramore-campus-by-chroma/,1,910,https://chromaela.com/author/chromaela/,https://chromaela.com/
53,https://chromaela.com/2025/12/30/childcare-preschool-in-east-marietta-ga-chroma-academy/,1,920,https://chromaela.com/author/chromaela/,https://chromaela.com/
54,https://chromaela.com/2025/12/30/childcare-preschool-in-austell-ga-south-cobb-campus-by-chroma/,1,904,https://chromaela.com/author/chromaela/,https://chromaela.com/
55,https://chromaela.com/author/chromaela/,1,920,https://chromaela.com/about,https://chromaela.com/about/
56,,,,https://chromaela.com/about,https://chromaela.com/about/
57,,,,https://chromaela.com/privacy-policy,https://chromaela.com/privacy-policy/
58,,,,https://chromaela.com/locations/mcdonough,https://chromaela.com/locations/mcdonough/
59,,,,https://chromaela.com/locations/midway-campus,https://chromaela.com/locations/midway-campus/
60,https://chromaela.com/childcare/ellenwood/,1,919,https://chromaela.com/programs/pre-k/,https://chromaela.com/programs/pre-k-prep/
61,https://chromaela.com/childcare/north-hall/,1,919,https://chromaela.com/programs/pre-k/,https://chromaela.com/programs/pre-k-prep/
62,https://chromaela.com/2025/12/30/childcare-preschool-in-ellenwood-ga-chroma-academy/,1,904,https://chromaela.com/author/chromaela/,https://chromaela.com/
63,https://chromaela.com/childcare/clermont/,1,919,https://chromaela.com/programs/pre-k/,https://chromaela.com/programs/pre-k-prep/
64,https://chromaela.com/childcare/fairburn/,1,928,https://chromaela.com/programs/pre-k/,https://chromaela.com/programs/pre-k-prep/
65,https://chromaela.com/childcare/waleska/,1,908,https://chromaela.com/programs/pre-k/,https://chromaela.com/programs/pre-k-prep/
66,https://chromaela.com/childcare/stone-mountain/,1,919,https://chromaela.com/programs/pre-k/,https://chromaela.com/programs/pre-k-prep/
67,https://chromaela.com/childcare/peachtree-city/,1,919,https://chromaela.com/programs/pre-k/,https://chromaela.com/programs/pre-k-prep/
68,https://chromaela.com/childcare/peachtree-corners/,1,923,https://chromaela.com/programs/pre-k/,https://chromaela.com/programs/pre-k-prep/
69,https://chromaela.com/2025/12/26/fostering-creativity-with-arts-crafts-for-toddlers/,0,931,https://chromaela.com/author/chromaela/,https://chromaela.com/
70,https://chromaela.com/2025/12/26/top-rated-preschool-programs-in-johns-creek-ga/,0,941,https://chromaela.com/author/chromaela/,https://chromaela.com/
71,https://chromaela.com/2025/12/26/tips-for-establishing-healthy-sleep-routines-for-kids/,0,941,https://chromaela.com/author/chromaela/,https://chromaela.com/
72,https://chromaela.com/2025/12/26/developing-essential-social-skills-for-kindergarten/,0,941,https://chromaela.com/author/chromaela/,https://chromaela.com/
73,https://chromaela.com/2025/12/26/tips-for-preparing-your-child-for-daycare/,0,942,https://chromaela.com/author/chromaela/,https://chromaela.com/
74,https://chromaela.com/2025/12/26/implementing-personalized-learning-in-preschool/,0,941,https://chromaela.com/author/chromaela/,https://chromaela.com/
75,https://chromaela.com/2025/12/26/top-rated-preschool-programs-in-decatur-ga/,0,942,https://chromaela.com/author/chromaela/,https://chromaela.com/
76,https://chromaela.com/2025/12/26/childcare-preschool-services-in-dekalb-county-ga/,0,928,https://chromaela.com/author/chromaela/,https://chromaela.com/
77,https://chromaela.com/2025/12/26/kindergarten-readiness-programs-in-marietta-ga/,0,933,https://chromaela.com/author/chromaela/,https://chromaela.com/
78,https://chromaela.com/2025/12/26/how-to-choose-the-best-preschool-for-your-child/,0,941,https://chromaela.com/author/chromaela/,https://chromaela.com/
79,https://chromaela.com/2025/12/26/ensure-childcare-safety-our-commitment-to-health-policies/,0,926,https://chromaela.com/author/joyce/,https://chromaela.com/
80,https://chromaela.com/2025/12/26/after-school-programs-in-peachtree-corners-ga/,0,917,https://chromaela.com/author/chromaela/,https://chromaela.com/
81,https://chromaela.com/2025/12/26/the-importance-of-outdoor-play-for-child-development/,0,930,https://chromaela.com/author/chromaela/,https://chromaela.com/
82,https://chromaela.com/2025/12/26/key-toddler-developmental-milestones-how-we-support-them/,0,931,https://chromaela.com/author/chromaela/,https://chromaela.com/
83,https://chromaela.com/2025/12/26/nurturing-infant-care-programs-in-johns-creek-ga/,0,921,https://chromaela.com/author/chromaela/,https://chromaela.com/
84,https://chromaela.com/2025/12/26/the-art-of-storytelling-for-children/,0,931,https://chromaela.com/author/chromaela/,https://chromaela.com/
85,https://chromaela.com/2025/12/26/tips-for-fostering-toddler-independence/,0,931,https://chromaela.com/author/chromaela/,https://chromaela.com/
86,https://chromaela.com/2025/12/26/foods-to-boost-your-childs-immunity/,0,931,https://chromaela.com/author/chromaela/,https://chromaela.com/
87,https://chromaela.com/2025/12/26/tips-for-managing-household-chores-with-kids/,0,931,https://chromaela.com/author/chromaela/,https://chromaela.com/
88,https://chromaela.com/2025/12/26/early-literacy-development-in-our-programs/,0,939,https://chromaela.com/author/franklin/,https://chromaela.com/
89,https://chromaela.com/2025/12/26/essential-kindergarten-readiness-checklist-for-parents/,0,928,https://chromaela.com/author/chromaela/,https://chromaela.com/
90,https://chromaela.com/2025/12/26/nurturing-infant-care-programs-in-peachtree-corners-ga/,0,915,https://chromaela.com/author/chromaela/,https://chromaela.com/
91,https://chromaela.com/2025/12/26/top-rated-preschool-programs-in-alpharetta-ga/,0,931,https://chromaela.com/author/chromaela/,https://chromaela.com/
92,https://chromaela.com/2025/12/26/nurturing-infant-care-programs-in-decatur-ga/,0,917,https://chromaela.com/author/chromaela/,https://chromaela.com/
93,https://chromaela.com/2025/12/26/benefits-of-music-and-movement-in-early-childhood/,0,928,https://chromaela.com/author/chromaela/,https://chromaela.com/
94,https://chromaela.com/2025/12/26/best-infant-care-programs-in-atlanta-georgia/,0,931,https://chromaela.com/author/chromaela/,https://chromaela.com/
95,https://chromaela.com/2025/12/26/kindergarten-readiness-programs-in-roswell-ga/,0,931,https://chromaela.com/author/chromaela/,https://chromaela.com/
96,https://chromaela.com/2025/12/26/kindergarten-readiness-programs-in-smyrna-ga/,0,931,https://chromaela.com/author/chromaela/,https://chromaela.com/
97,https://chromaela.com/2025/12/26/after-school-programs-in-atlanta-georgia/,0,917,https://chromaela.com/author/chromaela/,https://chromaela.com/
98,https://chromaela.com/2025/12/26/childcare-preschool-services-in-gwinnett-county-ga/,0,917,https://chromaela.com/author/chromaela/,https://chromaela.com/
99,https://chromaela.com/2025/12/26/essential-guide-choosing-a-preschool-with-key-questions/,0,926,https://chromaela.com/author/franklin/,https://chromaela.com/
100,https://chromaela.com/2025/12/26/strategies-for-preventing-teacher-burnout/,0,924,https://chromaela.com/author/chromaela/,https://chromaela.com/
101,https://chromaela.com/2025/12/26/benefits-of-early-intervention-programs-for-children/,0,923,https://chromaela.com/author/chromaela/,https://chromaela.com/
102,https://chromaela.com/2025/12/26/childcare-preschool-services-in-cobb-county-ga/,0,913,https://chromaela.com/author/chromaela/,https://chromaela.com/
103,https://chromaela.com/2025/12/26/georgia-pre-k-lottery-program-in-marietta-ga/,0,924,https://chromaela.com/author/chromaela/,https://chromaela.com/
104,https://chromaela.com/2025/12/26/top-rated-preschool-programs-in-peachtree-corners-ga/,0,901,https://chromaela.com/author/chromaela/,https://chromaela.com/
105,https://chromaela.com/2025/12/26/creative-date-night-ideas-for-busy-parents/,0,924,https://chromaela.com/author/chromaela/,https://chromaela.com/
106,https://chromaela.com/2025/12/26/nurturing-toddler-emotional-growth-regulation/,0,924,https://chromaela.com/author/chromaela/,https://chromaela.com/
107,https://chromaela.com/2025/12/26/building-early-math-skills-in-preschool-programs/,0,923,https://chromaela.com/author/chromaela/,https://chromaela.com/
108,https://chromaela.com/2025/12/26/georgia-pre-k-lottery-program-in-roswell-ga/,0,910,https://chromaela.com/author/chromaela/,https://chromaela.com/
109,https://chromaela.com/2025/12/26/time-management-strategies-for-working-parents/,0,931,https://chromaela.com/author/chromaela/,https://chromaela.com/
110,https://chromaela.com/2025/12/26/how-to-talk-to-kids-about-difficult-topics/,0,931,https://chromaela.com/author/chromaela/,https://chromaela.com/
111,https://chromaela.com/2025/12/26/engaging-sensory-activities-for-infant-development/,0,930,https://chromaela.com/author/chromaela/,https://chromaela.com/
112,https://chromaela.com/2025/12/26/developing-infant-fine-gross-motor-skills/,0,931,https://chromaela.com/author/chromaela/,https://chromaela.com/
113,https://chromaela.com/2025/12/26/is-your-kid-ready-for-preschool-hilarious-signs-to-spot/,0,933,https://chromaela.com/author/franklin/,https://chromaela.com/
114,https://chromaela.com/2025/12/26/quick-healthy-snack-ideas-for-toddlers/,0,931,https://chromaela.com/author/chromaela/,https://chromaela.com/
115,https://chromaela.com/2025/12/26/how-to-build-self-esteem-in-young-children/,0,931,https://chromaela.com/author/chromaela/,https://chromaela.com/
116,https://chromaela.com/2025/12/26/georgia-pre-k-lottery-program-in-duluth-ga/,0,917,https://chromaela.com/author/chromaela/,https://chromaela.com/
117,https://chromaela.com/2025/12/26/introducing-mindfulness-practices-for-children/,0,931,https://chromaela.com/author/chromaela/,https://chromaela.com/
118,https://chromaela.com/2025/12/26/key-benefits-of-enrolling-in-georgia-pre-k/,0,931,https://chromaela.com/author/chromaela/,https://chromaela.com/
119,https://chromaela.com/2025/12/26/chroma-early-learning-academy-mission-core-values/,0,917,https://chromaela.com/author/chromaela/,https://chromaela.com/
120,https://chromaela.com/2025/12/26/daycare-vs-nanny-which-is-right-for-your-family/,0,930,https://chromaela.com/author/chromaela/,https://chromaela.com/
121,https://chromaela.com/2025/12/26/benefits-of-inquiry-based-learning-in-early-childhood/,0,930,https://chromaela.com/author/chromaela/,https://chromaela.com/
122,https://chromaela.com/2025/12/26/diverse-enrichment-activities-in-after-school-programs/,0,928,https://chromaela.com/author/chromaela/,https://chromaela.com/
123,https://chromaela.com/2025/12/26/schedule-a-tour-of-our-early-learning-academy/,0,915,https://chromaela.com/author/chromaela/,https://chromaela.com/
124,https://chromaela.com/2025/12/26/loving-infant-care-programs-nurturing-your-babys-growth/,0,890,https://chromaela.com/author/chroma/,https://chromaela.com/
125,https://chromaela.com/2025/12/26/top-rated-preschool-programs-in-sandy-springs-ga/,0,930,https://chromaela.com/author/chromaela/,https://chromaela.com/
126,https://chromaela.com/2025/12/26/benefits-of-gamification-in-early-childhood-learning/,0,930,https://chromaela.com/author/chromaela/,https://chromaela.com/
127,https://chromaela.com/2025/12/26/effective-homework-help-in-our-after-school-program/,0,915,https://chromaela.com/author/chromaela/,https://chromaela.com/
128,https://chromaela.com/2025/12/26/fostering-problem-solving-skills-in-preschoolers/,0,930,https://chromaela.com/author/chromaela/,https://chromaela.com/
129,https://chromaela.com/2025/12/26/tips-for-planning-family-vacations-with-kids/,0,931,https://chromaela.com/author/chromaela/,https://chromaela.com/
130,https://chromaela.com/2025/12/26/top-benefits-of-professional-infant-care-for-early-development/,0,915,https://chromaela.com/author/chromaela/,https://chromaela.com/
131,https://chromaela.com/2025/12/26/essential-back-to-school-tips-for-parents-kids/,0,930,https://chromaela.com/author/chromaela/,https://chromaela.com/
132,https://chromaela.com/2025/12/26/benefits-of-speech-therapy-for-toddlers/,0,931,https://chromaela.com/author/chromaela/,https://chromaela.com/
133,https://chromaela.com/2025/12/26/easy-science-experiments-for-kids-at-home/,0,931,https://chromaela.com/author/chromaela/,https://chromaela.com/
134,https://chromaela.com/2025/12/26/engaging-math-games-for-preschoolers-at-home/,0,935,https://chromaela.com/author/chromaela/,https://chromaela.com/
135,https://chromaela.com/2025/12/26/the-importance-of-reading-aloud-to-young-children/,0,930,https://chromaela.com/author/chromaela/,https://chromaela.com/
136,https://chromaela.com/2025/12/26/after-school-programs-in-decatur-ga/,0,924,https://chromaela.com/author/chromaela/,https://chromaela.com/
137,https://chromaela.com/2025/12/26/engaging-toddler-care-programs-in-marietta-georgia/,0,925,https://chromaela.com/author/franklin/,https://chromaela.com/
138,https://chromaela.com/2025/12/26/engaging-toddler-care-programs-in-smyrna-ga/,0,923,https://chromaela.com/author/chromaela/,https://chromaela.com/
139,https://chromaela.com/2025/12/26/guide-to-choosing-the-right-infant-daycare/,0,937,https://chromaela.com/author/chromaela/,https://chromaela.com/
140,https://chromaela.com/2025/12/26/fun-summer-learning-activities-for-children/,0,946,https://chromaela.com/author/chromaela/,https://chromaela.com/
141,https://chromaela.com/2025/12/26/the-role-of-ai-in-early-childhood-education/,0,931,https://chromaela.com/author/chromaela/,https://chromaela.com/
142,https://chromaela.com/2025/12/26/boosting-infant-cognitive-development-activities/,0,930,https://chromaela.com/author/chromaela/,https://chromaela.com/
143,https://chromaela.com/2025/12/26/creative-family-bonding-activities-for-all-ages/,0,930,https://chromaela.com/author/chromaela/,https://chromaela.com/
144,https://chromaela.com/author/chroma/,0,920,https://chromaela.com/about,https://chromaela.com/about/
145,,,,https://chromaela.com/about,https://chromaela.com/about/
146,,,,https://chromaela.com/privacy-policy,https://chromaela.com/privacy-policy/
147,,,,https://chromaela.com/locations/mcdonough,https://chromaela.com/locations/mcdonough/
148,,,,https://chromaela.com/locations/midway-campus,https://chromaela.com/locations/midway-campus/
149,https://chromaela.com/author/franklin/,0,920,https://chromaela.com/about,https://chromaela.com/about/
150,,,,https://chromaela.com/about,https://chromaela.com/about/
151,,,,https://chromaela.com/privacy-policy,https://chromaela.com/privacy-policy/
152,,,,https://chromaela.com/locations/mcdonough,https://chromaela.com/locations/mcdonough/
153,,,,https://chromaela.com/locations/midway-campus,https://chromaela.com/locations/midway-campus/
154,https://chromaela.com/author/joyce/,0,920,https://chromaela.com/about,https://chromaela.com/about/
155,,,,https://chromaela.com/about,https://chromaela.com/about/
156,,,,https://chromaela.com/privacy-policy,https://chromaela.com/privacy-policy/
157,,,,https://chromaela.com/locations/mcdonough,https://chromaela.com/locations/mcdonough/
158,,,,https://chromaela.com/locations/midway-campus,https://chromaela.com/locations/midway-campus/
159,https://chromaela.com/2025/12/26/georgia-pre-k-eligibility-requirements-application-guide/,0,931,https://chromaela.com/author/chromaela/,https://chromaela.com/
160,https://chromaela.com/2025/12/26/healthy-screen-time-guidelines-for-young-children/,0,930,https://chromaela.com/author/chromaela/,https://chromaela.com/
161,https://chromaela.com/2025/12/26/fostering-social-emotional-learning-in-early-childhood/,0,930,https://chromaela.com/author/chromaela/,https://chromaela.com/
162,https://chromaela.com/2025/12/26/comprehensive-allergy-management-in-our-childcare-centers/,0,930,https://chromaela.com/author/chromaela/,https://chromaela.com/
163,https://chromaela.com/2025/12/26/key-benefits-of-enrolling-in-after-school-programs/,0,914,https://chromaela.com/author/chromaela/,https://chromaela.com/
164,https://chromaela.com/2025/12/26/premier-preschool-programs-in-atlanta-georgia/,0,930,https://chromaela.com/author/chromaela/,https://chromaela.com/
165,https://chromaela.com/2025/12/26/our-emergency-preparedness-plan-for-childcare-safety/,0,930,https://chromaela.com/author/chromaela/,https://chromaela.com/
166,https://chromaela.com/2025/12/26/understanding-infant-feeding-schedules-nutrition/,0,924,https://chromaela.com/author/chromaela/,https://chromaela.com/
167,https://chromaela.com/2025/12/26/introducing-stem-concepts-to-preschoolers/,0,931,https://chromaela.com/author/chromaela/,https://chromaela.com/
168,https://chromaela.com/2025/12/26/how-to-create-a-cozy-reading-nook-for-kids/,0,935,https://chromaela.com/author/franklin/,https://chromaela.com/
169,https://chromaela.com/2025/12/26/finding-support-groups-for-new-parents/,0,924,https://chromaela.com/author/chromaela/,https://chromaela.com/
170,https://chromaela.com/2025/12/26/understanding-our-childcare-illness-policy/,0,931,https://chromaela.com/author/chromaela/,https://chromaela.com/
171,https://chromaela.com/2025/12/26/typical-daily-schedule-in-our-infant-care-program/,0,915,https://chromaela.com/author/chromaela/,https://chromaela.com/
172,https://chromaela.com/2025/12/26/the-benefits-of-outdoor-learning-in-early-education/,0,930,https://chromaela.com/author/chromaela/,https://chromaela.com/
173,https://chromaela.com/2025/12/26/tips-for-creating-inclusive-classrooms-for-all-learners/,0,928,https://chromaela.com/author/chromaela/,https://chromaela.com/
174,https://chromaela.com/2025/12/26/effective-positive-discipline-techniques-for-young-children/,0,930,https://chromaela.com/author/chromaela/,https://chromaela.com/
175,https://chromaela.com/2025/12/26/effective-potty-training-support-in-toddler-programs/,0,930,https://chromaela.com/author/chromaela/,https://chromaela.com/
176,https://chromaela.com/2025/12/26/supporting-cognitive-development-in-school-age-children/,0,930,https://chromaela.com/author/chromaela/,https://chromaela.com/
177,https://chromaela.com/2025/12/26/guide-to-child-development-stages-ages-milestones/,0,931,https://chromaela.com/author/chromaela/,https://chromaela.com/
178,https://chromaela.com/2025/12/26/essential-resources-for-parents-of-special-needs-children/,0,923,https://chromaela.com/author/chromaela/,https://chromaela.com/
179,https://chromaela.com/2025/12/26/nurturing-infant-care-programs-in-sandy-springs-ga/,0,908,https://chromaela.com/author/chromaela/,https://chromaela.com/
180,https://chromaela.com/2025/12/26/childcare-subsidies-financial-aid-options/,0,924,https://chromaela.com/author/chromaela/,https://chromaela.com/
181,https://chromaela.com/2025/12/26/practicing-mindful-parenting-for-a-calmer-home/,0,924,https://chromaela.com/author/chromaela/,https://chromaela.com/
182,https://chromaela.com/2025/12/26/chroma-early-learning-academy-tuition-fees-guide/,0,923,https://chromaela.com/author/chromaela/,https://chromaela.com/
183,https://chromaela.com/2025/12/26/faqs-about-daily-operations-academy-policies/,0,926,https://chromaela.com/author/chromaela/,https://chromaela.com/
184,https://chromaela.com/2025/12/26/the-benefits-of-play-based-learning-in-preschool/,0,923,https://chromaela.com/author/franklin/,https://chromaela.com/
185,https://chromaela.com/2025/12/29/fostering-emotional-readiness-for-kindergarten-success/,0,923,https://chromaela.com/author/chromaela/,https://chromaela.com/
186,https://chromaela.com/2025/12/29/nurturing-infant-care-programs-in-alpharetta-ga/,0,930,https://chromaela.com/author/chromaela/,https://chromaela.com/
187,https://chromaela.com/2025/12/29/home-daycare-vs-childcare-center-a-comparison/,0,930,https://chromaela.com/author/chromaela/,https://chromaela.com/
188,https://chromaela.com/2025/12/29/helping-children-cope-with-family-changes/,0,930,https://chromaela.com/author/joyce/,https://chromaela.com/
189,https://chromaela.com/2025/12/29/helping-children-cope-with-stress-anxiety/,0,933,https://chromaela.com/author/franklin/,https://chromaela.com/
190,https://chromaela.com/2025/12/29/strategies-for-supporting-children-with-autism-spectrum-disorder/,0,923,https://chromaela.com/author/joyce/,https://chromaela.com/
191,https://chromaela.com/2025/12/29/top-questions-to-ask-childcare-providers/,0,931,https://chromaela.com/author/chromaela/,https://chromaela.com/
192,https://chromaela.com/2025/12/29/strategies-for-preventing-childhood-obesity/,0,931,https://chromaela.com/author/chromaela/,https://chromaela.com/
193,https://chromaela.com/2025/12/29/understanding-childcare-accreditation-its-importance/,0,933,https://chromaela.com/author/joyce/,https://chromaela.com/
194,https://chromaela.com/2025/12/30/quality-childcare-preschool-in-duluth-ga-downtown-campus-by-chroma/,0,908,https://chromaela.com/author/joyce/,https://chromaela.com/
195,https://chromaela.com/2025/12/30/trusted-childcare-preschool-in-lilburn-ga-chroma-academy/,0,915,https://chromaela.com/author/chroma/,https://chromaela.com/
196,https://chromaela.com/2025/12/30/childcare-preschool-in-murraysville-ga-north-hall-campus-by-chroma/,0,908,https://chromaela.com/author/joyce/,https://chromaela.com/
197,https://chromaela.com/2025/12/30/trusted-childcare-preschool-in-roswell-ga-chroma-academy/,0,915,https://chromaela.com/author/franklin/,https://chromaela.com/
198,https://chromaela.com/2025/12/30/childcare-preschool-in-tyrone-ga-chroma-academy/,0,915,https://chromaela.com/author/franklin/,https://chromaela.com/
199,https://chromaela.com/2025/12/30/childcare-preschool-in-lawrenceville-ga-chroma-academy/,0,910,https://chromaela.com/author/franklin/,https://chromaela.com/
200,https://chromaela.com/2025/12/30/rivergreen-campus-childcare-preschool-in-canton-ga-chroma/,0,910,https://chromaela.com/author/joyce/,https://chromaela.com/
201,https://chromaela.com/programs,0,941,https://chromaela.com/ga-pre-k/,https://chromaela.com/programs/ga-pre-k/
202,,,,https://chromaela.com/locations,https://chromaela.com/locations/
203,,,,https://chromaela.com/preschool/,https://chromaela.com/programs/preschool/
204,,,,https://chromaela.com/pre-k-prep/,https://chromaela.com/programs/pre-k-prep/
205,,,,https://chromaela.com/infant-care/,https://chromaela.com/programs/infant-care/
206,,,,https://chromaela.com/after-school/,https://chromaela.com/programs/after-school/
207,,,,https://chromaela.com/toddler-care/,https://chromaela.com/programs/toddler-care/
208,,,,https://chromaela.com/parents-day-out/,https://chromaela.com/programs/parents-day-out/
209,,,,https://chromaela.com/camp-summer-winter-fall/,https://chromaela.com/programs/camp-summer-winter-fall/
210,https://chromaela.com/2025/12/04/chroma-early-learning-academy-enrollment-faqs-you-need-to-know-complete-guide-to-programs-process-and-parent-resources/,0,897,https://chromaela.com/author/chromaela/,https://chromaela.com/
211,https://chromaela.com/2025/12/04/essential-technology-tools-for-early-childhood-learning-benefits-applications-and-parent-guidance/,0,912,https://chromaela.com/author/chromaela/,https://chromaela.com/
212,https://chromaela.com/2025/12/04/flexible-learning-areas-for-toddlers-explained-benefits-design-and-adaptable-classroom-ideas/,0,912,https://chromaela.com/author/chromaela/,https://chromaela.com/
213,https://chromaela.com/2025/12/04/the-importance-of-play-in-early-childhood-development-benefits-activities-and-learning-outcomes/,0,912,https://chromaela.com/author/chromaela/,https://chromaela.com/
214,https://chromaela.com/2025/12/04/empowering-families-through-effective-collaboration-in-early-childhood-education/,0,905,https://chromaela.com/author/chromaela/,https://chromaela.com/
215,https://chromaela.com/2025/12/04/why-early-childhood-education-matters-for-development-key-benefits-and-parental-guidance/,0,915,https://chromaela.com/author/chromaela/,https://chromaela.com/
216,https://chromaela.com/2025/12/04/comparing-chroma-early-learning-academys-quality-to-other-local-preschools-a-detailed-analysis-of-early-childhood-education-standards-and-programs/,0,905,https://chromaela.com/author/chromaela/,https://chromaela.com/
217,https://chromaela.com/2025/12/03/8-pediatric-respiratory-distress-signs-every-parent-should-know/,0,905,https://chromaela.com/author/chromaela/,https://chromaela.com/
218,https://chromaela.com/2025/12/04/how-integrating-technology-in-early-childhood-curriculum-boosts-learning-and-prepares-children-for-the-future/,0,905,https://chromaela.com/author/chromaela/,https://chromaela.com/
219,https://chromaela.com/2025/12/03/key-signs-your-child-is-ready-for-kindergarten-academic-and-social-readiness-indicators-for-parents/,0,905,https://chromaela.com/author/chromaela/,https://chromaela.com/
220,https://chromaela.com/2025/12/03/early-childhood-assessment-methods-explained-comprehensive-guide-to-child-development-and-kindergarten-readiness/,0,905,https://chromaela.com/author/chromaela/,https://chromaela.com/
221,https://chromaela.com/2025/12/03/play-based-learning-curriculum-examples-for-early-childhood-effective-activities-and-benefits/,0,905,https://chromaela.com/author/chromaela/,https://chromaela.com/
222,https://chromaela.com/2025/12/04/safe-and-stimulating-learning-environments-for-early-learners-ensuring-childcare-safety-and-engaging-developmental-activities/,0,905,https://chromaela.com/author/chromaela/,https://chromaela.com/
223,https://chromaela.com/2025/12/02/how-reading-aloud-builds-your-childs-brain/,0,906,https://chromaela.com/author/chromaela/,https://chromaela.com/
224,https://chromaela.com/2025/12/02/the-surprising-benefits-of-early-childhood-education-why-it-matters-for-your-childs-development-and-future-success/,0,912,https://chromaela.com/author/chromaela/,https://chromaela.com/
225,https://chromaela.com/2025/12/02/chroma-early-learning-academy-your-premier-choice-for-daycare-and-preschool-in-alpharetta-milton-and-cumming-ga/,0,890,https://chromaela.com/author/chromaela/,https://chromaela.com/
226,https://chromaela.com/2025/12/02/why-you-should-not-over-react-when-your-child-gets-hurt-calm-parenting-and-emotional-support-strategies/,0,905,https://chromaela.com/author/chromaela/,https://chromaela.com/
227,https://chromaela.com/2025/12/03/why-early-learning-assessments-are-essential-for-your-childs-success-at-chroma-academy/,0,905,https://chromaela.com/author/chromaela/,https://chromaela.com/
228,https://chromaela.com/2025/12/03/the-wrong-way-to-raise-confidence/,0,935,https://chromaela.com/author/chromaela/,https://chromaela.com/
229,https://chromaela.com/2025/12/02/the-psychology-behind-toy-throwing-understanding-your-childs-behavior/,0,933,https://chromaela.com/author/chromaela/,https://chromaela.com/
230,https://chromaela.com/2025/12/03/chroma-academy-teaching-staff-who-educates-your-child-and-how-their-qualifications-ensure-quality-early-childhood-education/,0,908,https://chromaela.com/author/chromaela/,https://chromaela.com/
231,https://chromaela.com/2025/12/02/choosing-between-full-day-and-half-day-preschool-practical-guidance-every-parent-can-use/,0,923,https://chromaela.com/author/chromaela/,https://chromaela.com/
232,https://chromaela.com/2025/12/02/how-to-raise-a-smarter-child-before-age-3-proven-brain-development-activities-and-early-intelligence-tips/,0,912,https://chromaela.com/author/chromaela/,https://chromaela.com/
233,https://chromaela.com/2025/12/03/10-practical-steps-to-budget-for-your-childs-early-education-expenses-year-round/,0,905,https://chromaela.com/author/chromaela/,https://chromaela.com/
234,https://chromaela.com/2025/12/03/the-critical-role-of-a-structured-curriculum-in-early-childhood-education-success-benefits-impact-and-kindergarten-readiness/,0,905,https://chromaela.com/author/chromaela/,https://chromaela.com/
235,https://chromaela.com/2025/12/09/interactive-learning-apps-revolutionizing-early-childhood-education-benefits-selection-and-future-trends/,0,905,https://chromaela.com/author/chromaela/,https://chromaela.com/
236,https://chromaela.com/2025/12/09/integrating-technology-in-early-childhood-education-for-better-outcomes-benefits-tools-and-parental-guidance/,0,905,https://chromaela.com/author/chromaela/,https://chromaela.com/
237,https://chromaela.com/2025/12/09/chroma-early-learning-academy-design-principles-explained-understanding-the-chroma-spectrum-early-learning-framework/,0,905,https://chromaela.com/author/chromaela/,https://chromaela.com/
238,https://chromaela.com/2025/12/10/how-employee-benefits-surveys-boost-retention-and-support-business-growth/,0,953,https://chromaela.com/author/chromaela/,https://chromaela.com/
239,https://chromaela.com/2025/12/10/chroma-early-learning-academy-announces-12th-metro-atlanta-location-in-canton-ga/,0,892,https://chromaela.com/author/chromaela/,https://chromaela.com/
240,https://chromaela.com/2025/12/10/chroma-early-learning-academy-opens-registration-for-2025-summer-camp-and-georgia-pre-k-programs/,0,892,https://chromaela.com/author/chromaela/,https://chromaela.com/
241,https://chromaela.com/2025/12/10/learn-how-play-based-learning-transforms-early-childhood-education-for-holistic-child-development/,0,912,https://chromaela.com/author/chromaela/,https://chromaela.com/
242,https://chromaela.com/2025/12/02/chroma-early-learning-academy-expands-to-16-metro-atlanta-campuses-with-three-strategic-acquisitions/,0,892,https://chromaela.com/author/chromaela/,https://chromaela.com/
243,https://chromaela.com/2025/12/10/enroll-at-chroma-academy-mcdonough-preschool-childcare-for-quality-early-learning/,0,908,https://chromaela.com/author/chromaela/,https://chromaela.com/
244,https://chromaela.com/2025/12/11/why-sleep-is-the-secret-ingredient-to-better-behavior-understanding-the-child-sleep-behavior-connection-for-parents-and-caregivers/,0,930,https://chromaela.com/author/chromaela/,https://chromaela.com/
245,https://chromaela.com/2025/12/11/how-to-choose-a-preschool-or-daycare-centre-essential-questions-to-ask-for-parents/,0,923,https://chromaela.com/author/chromaela/,https://chromaela.com/
246,https://chromaela.com/2025/12/11/4-things-to-say-when-your-child-isnt-listening-that-actually-work/,0,937,https://chromaela.com/author/chromaela/,https://chromaela.com/
247,https://chromaela.com/2025/12/16/loving-infant-care-programs-nurturing-your-babys-needs/,0,890,https://chromaela.com/author/chromaela/,https://chromaela.com/
248,https://chromaela.com/2025/12/16/early-education-trends-us-2025-key-insights-and-best-practices-for-future-learning/,0,923,https://chromaela.com/author/chromaela/,https://chromaela.com/
249,https://chromaela.com/2025/12/26/georgia-pre-k-lottery-program-in-smyrna-ga/,0,920,https://chromaela.com/author/franklin/,https://chromaela.com/
250,https://chromaela.com/2025/12/26/how-nutrition-impacts-early-learning-and-behavior/,0,933,https://chromaela.com/author/franklin/,https://chromaela.com/
251,https://chromaela.com/2025/12/26/developing-strong-social-skills-in-preschoolers/,0,930,https://chromaela.com/author/chromaela/,https://chromaela.com/
252,https://chromaela.com/2025/12/26/mini-scientists-how-curiosity-fuels-early-stem-learning/,0,923,https://chromaela.com/author/franklin/,https://chromaela.com/
253,https://chromaela.com/2025/12/26/essential-dental-health-tips-for-young-children/,0,941,https://chromaela.com/author/joyce/,https://chromaela.com/
254,https://chromaela.com/2025/12/26/strategies-for-coping-with-parental-burnout/,0,931,https://chromaela.com/author/chromaela/,https://chromaela.com/
255,https://chromaela.com/2025/12/26/easy-diy-learning-games-for-young-children/,0,941,https://chromaela.com/author/franklin/,https://chromaela.com/
256,https://chromaela.com/2025/12/26/creative-art-projects-for-kids-at-home/,0,931,https://chromaela.com/author/chromaela/,https://chromaela.com/
257,https://chromaela.com/2025/12/26/strategies-for-managing-sibling-rivalry-effectively/,0,930,https://chromaela.com/author/chromaela/,https://chromaela.com/
258,https://chromaela.com/2025/12/26/top-classroom-management-strategies-for-preschool/,0,923,https://chromaela.com/author/chromaela/,https://chromaela.com/
259,https://chromaela.com/2025/12/26/setting-healthy-boundaries-with-your-children/,0,931,https://chromaela.com/author/chromaela/,https://chromaela.com/
260,https://chromaela.com/2025/12/26/strategies-for-coping-with-separation-anxiety-in-children/,0,930,https://chromaela.com/author/chromaela/,https://chromaela.com/
